<?xml version="1.0" encoding="UTF-8" ?>
<!DOCTYPE mapper PUBLIC "-//mybatis.org//DTD Mapper 3.0//EN" "http://mybatis.org/dtd/mybatis-3-mapper.dtd">
<!-- p.502 참조 -->
<mapper namespace="org.samzo.cafe.BoardMapper">
	<!-- <resultMap type="org.apache.ibatis.submitted.rounding.User" id="usermap"> 
		<id column="id" property="id" /> <result column="name" property="name" /> 
		</resultMap> -->

	<select id="selectBoard" resultType="board">
		<![CDATA[
			select bbs_number, bbs_category, hh_head, m_nickname, bbs_title, bbs_content, bbs_date, bbs_views
			from bulletboard, member, horsehead
			where bbs_activated = 1
			and bbs_writer = m_number
			and bbs_head = hh_number
			and bbs_number = #{bbs_number}
		]]>
	</select>

	<select id="selectAll" resultType="board">
		<![CDATA[
			select bbs_number, bbs_category, hh_head, m_nickname, bbs_title, bbs_content, bbs_date, bbs_views
			from bulletboard, member, horsehead
			where bbs_activated = 1
			and bbs_writer = m_number
			and bbs_head = hh_number
			order by bbs_number asc
		]]>
	</select>

	<select id="getCategory" resultType="String">
		<![CDATA[
			select *
			from category
		]]>
	</select>

	<insert id="insertboard" parameterType="board">
		<![CDATA[
			insert into bulletboard(bbs_number, bbs_category, bbs_head, bbs_writer, bbs_title, bbs_content, bbs_date, bbs_views, bbs_activated)
			values(bbs_num.nextval,#{bbs_category},3,1000,#{bbs_title},#{bbs_content},sysdate,0,1)
		]]>
	</insert>

	<update id="updateboard" parameterType="board">
		<![CDATA[
			update bulletboard
			set bbs_category=#{bbs_category},bbs_title=#{bbs_title}, bbs_content=#{bbs_content}
			where bbs_number=#{bbs_number}
		]]>
	</update>

	<delete id="deleteBoard" parameterType="board">
		<![CDATA[
			delete from bulletboard where bbs_number = #{bbs_number}
		]]>
	</delete>

	<update id="updateViewsNumber" parameterType="board">
		<![CDATA[
			UPDATE bulletboard 
			SET bbs_views = #{bbs_views}
			WHERE bbs_number = #{bbs_number}
		]]>
	</update>
	
	<select id="getHead" resultType="hhead">
		<![CDATA[
			select hh_number, hh_head 
			from horsehead
			where hh_category = 'Java'
			order by hh_number asc
		]]>
	</select>
	
	<select id="getReply" resultType="rreply">
		<![CDATA[
			select r_number, m_nickname, r_content, r_date
			from reply, member
			where m_number = r_writer
            and r_bbs = #{bbs_number}
		]]>
	</select>
</mapper>